{"cameraMode":{"drawMode":0,"name":"Shaded","section":"Shading Mode"},"sceneLighting":false,"audioPlay":false,"sceneViewState":{"m_AlwaysRefresh":false,"showFog":true,"showSkybox":false,"showFlares":true,"showImageEffects":true,"showParticleSystems":true,"showVisualEffectGraphs":true,"m_FxEnabled":true},"in2DMode":false,"pivot":{"x":-63.310001373291019,"y":0.7599999904632568,"z":-0.1580195426940918},"rotation":{"x":-0.07536373287439347,"y":-0.4446832239627838,"z":0.03757302835583687,"w":-0.8917267918586731},"size":1.2247449159622193,"orthographic":false}