{"cameraMode":{"drawMode":0,"name":"Shaded","section":"Shading Mode"},"sceneLighting":false,"audioPlay":false,"sceneViewState":{"m_AlwaysRefresh":false,"showFog":true,"showSkybox":false,"showFlares":true,"showImageEffects":true,"showParticleSystems":true,"showVisualEffectGraphs":true,"m_FxEnabled":true},"in2DMode":false,"pivot":{"x":-80.82099914550781,"y":1.2039999961853028,"z":0.39499998092651369},"rotation":{"x":0.17437529563903809,"y":-0.7955220937728882,"z":0.27010101079940798,"w":0.5136087536811829},"size":0.21650634706020356,"orthographic":false}